name,address,website,phone_number,reviews_count,reviews_average,place_type,opens_at,correos_encontrados
ECO AVENTURAS CUSCO S.A.C.,"Calle Totora Paccha, Jardínes del Inca G – 3, Cusco 08000",ecoaventurascusco.com,967 490 820,,,Agencia de viajes,,
Cusco Aventura,"San Andres 218, Cusco 08000",cuscoaventura.com,949 904 393,13.0,4.7,Agencia de viajes, · Cierra a las 8p.m.,info@cuscoaventura.com
ADVENTURE CUSCO TOURS,"Portal de Panes 123, Cusco 08000",adventurecusco.com,940 184 120,137.0,4.8,Agencia de viajes, · Cierra a las 8p.m.,
Cusco Peru Adventure - Tours to Machu Picchu,"los Pinos G - 15 San Isidro, Cusco 08001",cuscoperuadventure.com,984 857 762,14.0,4.9,Agencia de visitas turísticas, · Cierra a las 11p.m.,info@cuscoperuadventure.com | cuscoperuadventure@gmail.com
Encuentros Peru Adventure,Cusco 08001,encuentrosperuadventure.com,973 124 984,26.0,4.8,Turoperador, · Cierra a las 10p.m.,info@encuentrosperuadventure.com
Cusco Adventure Travel Peru,"Las Malvinas, Urb. Alameda Pachacutec A – 5, Cusco 08000",cuscoadventuretravelperu.com,973 291 892,11.0,4.5,Agencia de viajes, · Cierra a las 7p.m.,
AVENTURAS.PE TOURS TARAPOTO,"Jr, Recreo 240, Tarapoto 22202",aventuras.pe,979 180 559,121.0,4.9,Agencia de viajes, · Cierra a las 10p.m.,info@aventuras.pe
Trip Alpaca Adventure / Luxury experiences in Machupicchu-Perú,"San Andres 221, Cusco 08002",tripalpacaadventure.com,922 511 459,13.0,4.4,Agencia de viajes, · Cierra a las 8p.m.,info@tripalpacaadventure.com
A.T.PERÚ Tour Operator ADVENTURE TREK PERU,"Choqechaka 115 - B, Cusco 08002",,941 008 692,5.0,4.2,Agencia de viajes, · Cierra a las 8p.m.,
Adventure Peru Tours,"Vallecito Huancaro 22, Cusco 08000",adventureperutours.com,984 264 702,18.0,4.8,Agencia de viajes, · Cierra a las 8p.m.,info@adventureperutours.com | reservas@adventureperutours.com
Machupicchu Peru Aventuras,"APV. Virgen Concepción B1-6, Cusco 08001",,947 464 665,26.0,5.0,Agencia de viajes, · Cierra a las 9:30p.m.,
Green Peru Adventures,"Comercio H-5, Cusco 08000",greenperuadventures.com,993 365 936,11.0,4.1,Agencia de viajes, · Cierra a las 7p.m.,
Ausangate Adventure,"APV. Paraíso de Fátima, Av. de la Unión lote F-6, Cusco 08004",ausangateadventure.com,914 201 334,15.0,5.0,Agencia de viajes, · Cierra a las 8:30p.m.,
Aventura Tours,"F2F6+RG6, Av. Antonio Lorena, Cusco 08001",,,1.0,5.0,Oficinas de empresa,,
Wild Adventure,,,986 723 720,13.0,4.7,Agencia de viajes,,
Aventuras EcotrekPeru Tour Operador,"Oswaldo Baca, Cusco 08003",machupicchucusco.com.pe,984 562 266,6.0,4.0,Agencia de viajes, · Cierra a las 7p.m.,info@aventurasecotrekperu.com
Andean Adventures Peru | Tour Operator | Operador de Turismo Peru | Travel Agency Peru,"Urb. Lucrepata E-13, Cusco 08003",andeanadventuresperu.com,(084) 263498,14.0,4.6,Agencia de viajes, · Cierra a las 7p.m.,sales@andeanadventuresperu.com
Amazonas Explorer,"Av. Collasuyo 910, Cusco 08003",amazonas-explorer.com,+1 888-696-0505,48.0,4.8,Centro de deportes de aventura, · Cierra a las 6p.m.,bootstrap@5.3.3
Aventuras Peruanas EIRL. Travel Agency & Adventure Trips Operator,"Alameda Pachacuteq n° 100, Cusco 08000",,949 766 866,,,Agencia de viajes, · Cierra a las 6p.m.,
Empresa de Transporte Turismo Aventuras,Cusco 08001,,953 786 835,8.0,3.9,Servicio de transporte,,
